발화,발생 횟수,출처 메모
주문한 지 일주일이 지났는데 도착하지 않았어요,8,상담 녹취 1월
어제 시킨 상품이 도착하지 않았어요,3,상담 녹취 1월
택배가 아직 도착하지 않았어요,10,상담 녹취 1월
배송 상태가 계속 그대로인데 도착하지 않았어요,5,상담 녹취 1월
물건이 도착 예정일을 넘겼는데 도착하지 않았어요,12,상담 녹취 1월
출고됐다고 했는데 도착하지 않았어요,7,상담 녹취 1월
주문한 지 일주일이 지났는데 언제 오는지 알려 주세요,2,상담 녹취 1월
어제 시킨 상품이 언제 오는지 알려 주세요,9,상담 녹취 1월
택배가 아직 언제 오는지 알려 주세요,4,상담 녹취 1월
배송 상태가 계속 그대로인데 언제 오는지 알려 주세요,11,상담 녹취 1월
물건이 도착 예정일을 넘겼는데 언제 오는지 알려 주세요,6,상담 녹취 1월
출고됐다고 했는데 언제 오는지 알려 주세요,1,상담 녹취 1월
주문한 지 일주일이 지났는데 어디쯤 왔는지 모르겠어요,8,상담 녹취 1월
어제 시킨 상품이 어디쯤 왔는지 모르겠어요,3,상담 녹취 1월
택배가 아직 어디쯤 왔는지 모르겠어요,10,상담 녹취 1월
배송 상태가 계속 그대로인데 어디쯤 왔는지 모르겠어요,5,상담 녹취 1월
물건이 도착 예정일을 넘겼는데 어디쯤 왔는지 모르겠어요,12,상담 녹취 1월
출고됐다고 했는데 어디쯤 왔는지 모르겠어요,7,상담 녹취 1월
주문한 지 일주일이 지났는데 지연되는 이유가 궁금해요,2,상담 녹취 1월
어제 시킨 상품이 지연되는 이유가 궁금해요,9,상담 녹취 1월
택배가 아직 지연되는 이유가 궁금해요,4,상담 녹취 1월
배송 상태가 계속 그대로인데 지연되는 이유가 궁금해요,11,상담 녹취 1월
물건이 도착 예정일을 넘겼는데 지연되는 이유가 궁금해요,6,상담 녹취 1월
출고됐다고 했는데 지연되는 이유가 궁금해요,1,상담 녹취 1월
주문한 지 일주일이 지났는데 빨리 받을 수 있나요,8,상담 녹취 1월
어제 시킨 상품이 빨리 받을 수 있나요,3,상담 녹취 1월
택배가 아직 빨리 받을 수 있나요,10,상담 녹취 1월
배송 상태가 계속 그대로인데 빨리 받을 수 있나요,5,상담 녹취 1월
물건이 도착 예정일을 넘겼는데 빨리 받을 수 있나요,12,상담 녹취 1월
출고됐다고 했는데 빨리 받을 수 있나요,7,상담 녹취 1월
주문한 지 일주일이 지났는데 아무 연락이 없어요,2,상담 녹취 1월
어제 시킨 상품이 아무 연락이 없어요,9,상담 녹취 1월
택배가 아직 아무 연락이 없어요,4,상담 녹취 1월
배송 상태가 계속 그대로인데 아무 연락이 없어요,11,상담 녹취 1월
물건이 도착 예정일을 넘겼는데 아무 연락이 없어요,6,상담 녹취 1월
받은 상품이 마음에 안 들어서 반품하고 싶어요,1,상담 녹취 1월
사이즈가 맞지 않아서 반품하고 싶어요,8,상담 녹취 1월
상품에 흠집이 있어서 반품하고 싶어요,3,상담 녹취 1월
잘못 주문해서 반품하고 싶어요,10,상담 녹취 1월
다른 상품이 와서 반품하고 싶어요,5,상담 녹취 1월
단순 변심으로 반품하고 싶어요,12,상담 녹취 1월
받은 상품이 마음에 안 들어서 환불받을 수 있나요,7,상담 녹취 1월
사이즈가 맞지 않아서 환불받을 수 있나요,2,상담 녹취 1월
상품에 흠집이 있어서 환불받을 수 있나요,9,상담 녹취 1월
잘못 주문해서 환불받을 수 있나요,4,상담 녹취 1월
다른 상품이 와서 환불받을 수 있나요,11,상담 녹취 1월
단순 변심으로 환불받을 수 있나요,6,상담 녹취 1월
받은 상품이 마음에 안 들어서 교환 절차를 알려 주세요,1,상담 녹취 1월
사이즈가 맞지 않아서 교환 절차를 알려 주세요,8,상담 녹취 1월
상품에 흠집이 있어서 교환 절차를 알려 주세요,3,상담 녹취 1월
잘못 주문해서 교환 절차를 알려 주세요,10,상담 녹취 1월
다른 상품이 와서 교환 절차를 알려 주세요,5,상담 녹취 1월
단순 변심으로 교환 절차를 알려 주세요,12,상담 녹취 1월
받은 상품이 마음에 안 들어서 돈은 언제 돌려받나요,7,상담 녹취 1월
사이즈가 맞지 않아서 돈은 언제 돌려받나요,2,상담 녹취 1월
상품에 흠집이 있어서 돈은 언제 돌려받나요,9,상담 녹취 1월
잘못 주문해서 돈은 언제 돌려받나요,4,상담 녹취 1월
다른 상품이 와서 돈은 언제 돌려받나요,11,상담 녹취 1월
단순 변심으로 돈은 언제 돌려받나요,6,상담 녹취 1월
받은 상품이 마음에 안 들어서 반품 택배는 누가 부르나요,1,상담 녹취 1월
사이즈가 맞지 않아서 반품 택배는 누가 부르나요,8,상담 녹취 1월
상품에 흠집이 있어서 반품 택배는 누가 부르나요,3,상담 녹취 1월
잘못 주문해서 반품 택배는 누가 부르나요,10,상담 녹취 1월
다른 상품이 와서 반품 택배는 누가 부르나요,5,상담 녹취 1월
단순 변심으로 반품 택배는 누가 부르나요,12,상담 녹취 1월
받은 상품이 마음에 안 들어서 환불 수수료가 있나요,7,상담 녹취 1월
사이즈가 맞지 않아서 환불 수수료가 있나요,2,상담 녹취 1월
상품에 흠집이 있어서 환불 수수료가 있나요,9,상담 녹취 1월
잘못 주문해서 환불 수수료가 있나요,4,상담 녹취 1월
다른 상품이 와서 환불 수수료가 있나요,11,상담 녹취 1월
휴대폰 번호가 바뀌어서 어디서 고치나요,6,상담 녹취 2월
이름이 잘못 등록돼서 어디서 고치나요,1,상담 녹취 2월
로그인 비밀번호를 잊어서 어디서 고치나요,8,상담 녹취 2월
가입한 이메일이 기억나지 않아서 어디서 고치나요,3,상담 녹취 2월
주소를 새로 등록하려고 어디서 고치나요,10,상담 녹취 2월
휴대폰 번호가 바뀌어서 수정 방법을 알려 주세요,5,상담 녹취 2월
이름이 잘못 등록돼서 수정 방법을 알려 주세요,12,상담 녹취 2월
로그인 비밀번호를 잊어서 수정 방법을 알려 주세요,7,상담 녹취 2월
가입한 이메일이 기억나지 않아서 수정 방법을 알려 주세요,2,상담 녹취 2월
주소를 새로 등록하려고 수정 방법을 알려 주세요,9,상담 녹취 2월
휴대폰 번호가 바뀌어서 다시 설정하고 싶어요,4,상담 녹취 2월
이름이 잘못 등록돼서 다시 설정하고 싶어요,11,상담 녹취 2월
로그인 비밀번호를 잊어서 다시 설정하고 싶어요,6,상담 녹취 2월
가입한 이메일이 기억나지 않아서 다시 설정하고 싶어요,1,상담 녹취 2월
주소를 새로 등록하려고 다시 설정하고 싶어요,8,상담 녹취 2월
휴대폰 번호가 바뀌어서 변경이 안 돼요,3,상담 녹취 2월
이름이 잘못 등록돼서 변경이 안 돼요,10,상담 녹취 2월
로그인 비밀번호를 잊어서 변경이 안 돼요,5,상담 녹취 2월
가입한 이메일이 기억나지 않아서 변경이 안 돼요,12,상담 녹취 2월
주소를 새로 등록하려고 변경이 안 돼요,7,상담 녹취 2월
휴대폰 번호가 바뀌어서 탈퇴하려면 어떻게 하나요,2,상담 녹취 2월
이름이 잘못 등록돼서 탈퇴하려면 어떻게 하나요,9,상담 녹취 2월
로그인 비밀번호를 잊어서 탈퇴하려면 어떻게 하나요,4,상담 녹취 2월
가입한 이메일이 기억나지 않아서 탈퇴하려면 어떻게 하나요,11,상담 녹취 2월
주소를 새로 등록하려고 탈퇴하려면 어떻게 하나요,6,상담 녹취 2월
적립금이 아직 들어오지 않았어요,1,상담 녹취 2월
포인트가 아직 들어오지 않았어요,8,상담 녹취 2월
구매 포인트가 아직 들어오지 않았어요,3,상담 녹취 2월
이벤트 포인트가 아직 들어오지 않았어요,10,상담 녹취 2월
소멸 예정 포인트가 아직 들어오지 않았어요,5,상담 녹취 2월
포인트 사용이 아직 들어오지 않았어요,12,상담 녹취 2월
적립금이 언제 적립되는지 궁금해요,7,상담 녹취 2월
포인트가 언제 적립되는지 궁금해요,2,상담 녹취 2월
구매 포인트가 언제 적립되는지 궁금해요,9,상담 녹취 2월
이벤트 포인트가 언제 적립되는지 궁금해요,4,상담 녹취 2월
소멸 예정 포인트가 언제 적립되는지 궁금해요,11,상담 녹취 2월
포인트 사용이 언제 적립되는지 궁금해요,6,상담 녹취 2월
적립금이 왜 사라졌는지 모르겠어요,1,상담 녹취 2월
포인트가 왜 사라졌는지 모르겠어요,8,상담 녹취 2월
구매 포인트가 왜 사라졌는지 모르겠어요,3,상담 녹취 2월
이벤트 포인트가 왜 사라졌는지 모르겠어요,10,상담 녹취 2월
소멸 예정 포인트가 왜 사라졌는지 모르겠어요,5,상담 녹취 2월
포인트 사용이 왜 사라졌는지 모르겠어요,12,상담 녹취 2월
적립금이 얼마나 남았는지 알고 싶어요,7,상담 녹취 2월
포인트가 얼마나 남았는지 알고 싶어요,2,상담 녹취 2월
구매 포인트가 얼마나 남았는지 알고 싶어요,9,상담 녹취 2월
이벤트 포인트가 얼마나 남았는지 알고 싶어요,4,상담 녹취 2월
소멸 예정 포인트가 얼마나 남았는지 알고 싶어요,11,상담 녹취 2월
포인트 사용이 얼마나 남았는지 알고 싶어요,6,상담 녹취 2월
적립금이 결제할 때 쓸 수 있나요,1,상담 녹취 2월
포인트가 결제할 때 쓸 수 있나요,8,상담 녹취 2월
구매 포인트가 결제할 때 쓸 수 있나요,3,상담 녹취 2월
이벤트 포인트가 결제할 때 쓸 수 있나요,10,상담 녹취 2월
소멸 예정 포인트가 결제할 때 쓸 수 있나요,5,상담 녹취 2월
포인트 사용이 결제할 때 쓸 수 있나요,12,상담 녹취 2월
적립금이 유효기간이 언제까지인가요,7,상담 녹취 2월
포인트가 유효기간이 언제까지인가요,2,상담 녹취 2월
구매 포인트가 유효기간이 언제까지인가요,9,상담 녹취 2월
이벤트 포인트가 유효기간이 언제까지인가요,4,상담 녹취 2월
소멸 예정 포인트가 유효기간이 언제까지인가요,11,상담 녹취 2월
포인트 사용이 유효기간이 언제까지인가요,6,상담 녹취 2월
적립금이 조회가 안 돼요,1,상담 녹취 2월
포인트가 조회가 안 돼요,8,상담 녹취 2월
구매 포인트가 조회가 안 돼요,3,상담 녹취 2월
이벤트 포인트가 조회가 안 돼요,10,상담 녹취 2월
생일 선물로 보낼 건데 포장해 주실 수 있나요,5,상담 녹취 3월
부모님께 드릴 선물이라 포장해 주실 수 있나요,12,상담 녹취 3월
친구에게 보내는 거라 포장해 주실 수 있나요,7,상담 녹취 3월
답례품으로 쓰려고 포장해 주실 수 있나요,2,상담 녹취 3월
기념일 선물인데 포장해 주실 수 있나요,9,상담 녹취 3월
생일 선물로 보낼 건데 메시지 카드도 넣을 수 있나요,4,상담 녹취 3월
부모님께 드릴 선물이라 메시지 카드도 넣을 수 있나요,11,상담 녹취 3월
친구에게 보내는 거라 메시지 카드도 넣을 수 있나요,6,상담 녹취 3월
답례품으로 쓰려고 메시지 카드도 넣을 수 있나요,1,상담 녹취 3월
기념일 선물인데 메시지 카드도 넣을 수 있나요,8,상담 녹취 3월
생일 선물로 보낼 건데 포장 비용이 따로 있나요,3,상담 녹취 3월
부모님께 드릴 선물이라 포장 비용이 따로 있나요,10,상담 녹취 3월
친구에게 보내는 거라 포장 비용이 따로 있나요,5,상담 녹취 3월
답례품으로 쓰려고 포장 비용이 따로 있나요,12,상담 녹취 3월
기념일 선물인데 포장 비용이 따로 있나요,7,상담 녹취 3월
생일 선물로 보낼 건데 선물 상자 크기를 고를 수 있나요,2,상담 녹취 3월
부모님께 드릴 선물이라 선물 상자 크기를 고를 수 있나요,9,상담 녹취 3월
친구에게 보내는 거라 선물 상자 크기를 고를 수 있나요,4,상담 녹취 3월
답례품으로 쓰려고 선물 상자 크기를 고를 수 있나요,11,상담 녹취 3월
기념일 선물인데 선물 상자 크기를 고를 수 있나요,6,상담 녹취 3월
생일 선물로 보낼 건데 받는 분 주소로 바로 보낼 수 있나요,1,상담 녹취 3월
부모님께 드릴 선물이라 받는 분 주소로 바로 보낼 수 있나요,8,상담 녹취 3월
친구에게 보내는 거라 받는 분 주소로 바로 보낼 수 있나요,3,상담 녹취 3월
답례품으로 쓰려고 받는 분 주소로 바로 보낼 수 있나요,10,상담 녹취 3월
기념일 선물인데 받는 분 주소로 바로 보낼 수 있나요,5,상담 녹취 3월
생일 선물로 보낼 건데 가격표는 빼고 보내 주세요,12,상담 녹취 3월
부모님께 드릴 선물이라 가격표는 빼고 보내 주세요,7,상담 녹취 3월
친구에게 보내는 거라 가격표는 빼고 보내 주세요,2,상담 녹취 3월
답례품으로 쓰려고 가격표는 빼고 보내 주세요,9,상담 녹취 3월
기념일 선물인데 가격표는 빼고 보내 주세요,4,상담 녹취 3월
오늘 날씨가 어떤가요,11,상담 녹취 3월
주말에도 어떤가요,6,상담 녹취 3월
새로 나온 상품은 어떤가요,1,상담 녹취 3월
이 쇼핑몰은 어떤가요,8,상담 녹취 3월
이벤트 당첨자는 어떤가요,3,상담 녹취 3월
신상품 입고는 어떤가요,10,상담 녹취 3월
오늘 날씨가 언제 알 수 있나요,5,상담 녹취 3월
주말에도 언제 알 수 있나요,12,상담 녹취 3월
새로 나온 상품은 언제 알 수 있나요,7,상담 녹취 3월
이 쇼핑몰은 언제 알 수 있나요,2,상담 녹취 3월
이벤트 당첨자는 언제 알 수 있나요,9,상담 녹취 3월
신상품 입고는 언제 알 수 있나요,4,상담 녹취 3월
오늘 날씨가 어디서 보나요,11,상담 녹취 3월
주말에도 어디서 보나요,6,상담 녹취 3월
새로 나온 상품은 어디서 보나요,1,상담 녹취 3월
이 쇼핑몰은 어디서 보나요,8,상담 녹취 3월
이벤트 당첨자는 어디서 보나요,3,상담 녹취 3월
신상품 입고는 어디서 보나요,10,상담 녹취 3월
오늘 날씨가 계속 하나요,5,상담 녹취 3월
주말에도 계속 하나요,12,상담 녹취 3월
새로 나온 상품은 계속 하나요,7,상담 녹취 3월
이 쇼핑몰은 계속 하나요,2,상담 녹취 3월
이벤트 당첨자는 계속 하나요,9,상담 녹취 3월
신상품 입고는 계속 하나요,4,상담 녹취 3월
오늘 날씨가 알림을 받을 수 있나요,11,상담 녹취 3월
주말에도 알림을 받을 수 있나요,6,상담 녹취 3월
새로 나온 상품은 알림을 받을 수 있나요,1,상담 녹취 3월
이 쇼핑몰은 알림을 받을 수 있나요,8,상담 녹취 3월
이벤트 당첨자는 알림을 받을 수 있나요,3,상담 녹취 3월
신상품 입고는 알림을 받을 수 있나요,10,상담 녹취 3월
오늘 날씨가 추천해 주실 수 있나요,5,상담 녹취 3월
주말에도 추천해 주실 수 있나요,12,상담 녹취 3월
새로 나온 상품은 추천해 주실 수 있나요,7,상담 녹취 3월
카드 번호 [카드번호]로 결제했는데 포인트가 안 들어와요,2,상담 녹취 3월
주민번호 [주민등록번호]로 가입했는데 회원 정보를 고치고 싶어요,3,상담 녹취 3월
